-0.0155629,-0.997418,-0.106693
0.1734,-0.965165,-0.191855
0.122043,-0.996876,0.0267362
0.120404,-0.975549,-0.251811
0.130966,-0.895709,0.0957524
0.15882,-0.997554,-0.0210397
-0.194162,-0.998414,-0.273449
0.139012,-0.951927,0.159688
0.0505682,-0.988683,0.239762
0.197695,-0.923613,-0.0646632
-0.0429665,-0.862032,-0.271915
-0.232267,-0.999268,-0.184058
0.217,-0.979677,-0.0326654
0.104681,-0.805986,-0.185605
0.0795759,-0.913703,-0.256095
0.151516,-0.890307,0.0475131
0.104455,-0.744211,-0.115934
0.0207221,-0.99262,0.241342
-0.313673,-0.981893,-0.00407319
0.189296,-0.997597,0.0331785
-0.0808935,-0.988477,-0.311142
-0.22464,-0.790388,-0.0390176
0.161257,-0.848635,-0.0552992
-0.192176,-0.801899,-0.198739
-0.176372,-0.887272,0.187109
0.106044,-0.844597,0.102183
0.158673,-0.994459,0.13145
0.108085,-0.756862,-0.0548384
0.206482,-0.968508,-0.097363
-0.174766,-0.869564,-0.217226
0.172883,-0.918123,-0.118842
0.105778,-0.96246,0.208406
-0.054648,-0.977288,0.256081
-0.152821,-0.785786,-0.215692
0.188157,-0.99736,-0.0642605
0.134064,-0.857352,0.060397
0.173481,-0.907115,0.0385843
-0.0190469,-0.681927,0.127411
-0.0399742,-0.734952,0.0819937
0.0813251,-0.999356,-0.212425
-0.151594,-0.827264,-0.226405
-0.302639,-0.955299,-0.121841
0.00156079,-0.997702,0.00150447
-0.253955,-0.82494,-0.0543143
-0.196381,-0.846716,-0.206577
-0.0860407,-0.99789,-0.0764027
0.131135,-0.827219,-0.102927
-0.247639,-0.951365,-0.2107
-0.112312,-0.833102,0.17289
-0.191307,-0.746957,-0.110206
0.0970345,-0.7172,-0.0572321
0.156766,-0.933959,0.0995479
0.01274,-0.814448,-0.260517
0.227141,-0.978885,0.0542253
0.0431949,-0.725644,0.015733
0.0181049,-0.997623,0.0386885
-0.117058,-0.629733,-0.0075062
0.0816884,-0.627583,-0.134427
-0.093933,-0.998651,-0.266869
-0.0759623,-0.998323,0.0124305
-0.121862,-0.998656,0.0499088
-0.192445,-0.631825,-0.166869
-0.100301,-0.949155,-0.296243
-0.154043,-0.998849,0.14781
0.0907411,-0.705395,-0.197917
0.123267,-0.699461,-0.244336
-0.0656565,-0.997902,-0.0399645
-0.228626,-0.698804,-0.160427
0.0844059,-0.996834,0.0406146
-0.0652956,-0.818594,-0.256236
-0.116383,-0.998106,-0.0180437
0.0417388,-0.781851,0.14749
0.165767,-0.544771,-0.191737
0.132614,-0.912006,-0.182342
0.0486773,-0.764757,-0.234667
0.12849,-0.996258,0.079028
-0.00637617,-0.998294,0.0870063
-0.044771,-0.768713,0.11612
-0.260236,-0.998684,-0.121922
-0.134279,-0.653145,0.0233768
-0.0497225,-0.569788,0.0364983
0.16393,-0.860618,0.0273404
0.161404,-0.644141,-0.23884
0.126327,-0.794549,-0.0164235
-0.164344,-0.760986,0.0486773
-0.151219,-0.681891,0.0281958
0.0508136,-0.998278,-0.176436
-0.0538676,-0.998556,0.0449599
-0.0433306,-0.997704,-0.235522
-0.302431,-0.940418,-0.0561575
-0.10844,-0.997503,0.204617
0.0621086,-0.591519,-0.0521031
-0.0109401,-0.997437,-0.14657
-0.251988,-0.956695,0.169264
0.124864,-0.997746,-0.0643977
-0.00213533,-0.997534,-0.237374
0.0257896,-0.997385,-0.0490722
-0.11112,-0.992541,0.263176
0.0633248,-0.415893,-0.256915
-0.0315486,-0.966929,-0.316542
0.0980865,-0.720637,-0.0889275
-0.275665,-0.890283,-0.110988
-0.207113,-0.892789,-0.20381
-0.204423,-0.999016,-0.248227
-0.221404,-0.998663,-0.0945278
-0.0879666,-0.46234,0.0539028
0.153274,-0.85003,-0.0820757
-0.237854,-0.731285,-0.147271
0.116217,-0.919704,-0.220424
0.0751593,-0.993887,0.21185
0.126881,-0.911286,0.141647
0.109834,-0.36596,0.0190359
-0.082744,-0.997953,-0.121082
0.111456,-0.806508,-0.130702
-0.131941,-0.637316,-0.203113
0.0310356,-0.756232,0.0554137
-0.125075,-0.563276,-0.0601188
0.151903,-0.831702,-0.00489373
0.150524,-0.88488,-0.121495
0.108462,-0.422554,-0.208533
0.178882,-0.875482,-0.010805
-0.00114403,-0.93492,0.243438
-0.123071,-0.927552,-0.277627
-0.199245,-0.973898,-0.288042
-0.13607,-0.668252,-0.213062
-0.227112,-0.997368,0.00685359
-0.12547,-0.667356,-0.270539
0.127442,-0.460364,-0.110306
0.0611161,-0.997817,-0.279768
0.105979,-0.841024,-0.198021
0.127298,-0.68526,-0.128692
0.106987,-0.781298,-0.09194
-0.147623,-0.854022,0.176865
-0.0448498,-0.595178,-0.216693
0.118794,-0.999529,-0.214082
-0.159933,-0.807258,0.116847
0.0740776,-0.830057,-0.237919
0.0718671,-0.996817,0.0655626
-0.0740102,-0.998037,-0.171436
-0.0613984,-0.900713,-0.277662
0.027091,-0.705086,0.073344
0.0079376,-0.674655,0.0937448
0.0808083,-0.671998,-0.0285835
-0.202999,-0.999914,-0.197549
-0.0462996,-0.948583,0.245981
-0.23727,-0.794253,-0.137653
-0.13125,-0.784092,0.111654
0.000460109,-0.78107,0.17948
0.197736,-0.965477,-0.131321
0.116696,-0.586915,-0.156746
-0.289213,-0.914603,-0.0791288
-0.0903481,-0.999523,0.167139
-0.19407,-0.997718,0.0278564
-0.143747,-0.998882,0.0873819
-0.114019,-0.604277,0.0293581
0.0833065,-0.96743,-0.274391
0.060317,-0.801674,-0.241654
0.0139589,-0.765165,-0.243706
-0.184645,-0.571333,-0.103469
-0.156625,-0.896715,-0.242751
-0.157994,-0.696271,-0.106235
-0.0469798,-0.998516,0.228285
-0.183161,-0.996137,0.194836
0.0870322,-0.679179,-0.0609018
-0.000722412,-0.99726,-0.29665
0.0699583,-0.279971,-0.13652
0.194987,-0.933441,-0.0277612
-0.230876,-0.995851,-0.24241
0.0935713,-0.771857,-0.177926
-0.0285413,-0.791729,0.153102
-0.204218,-0.761602,-0.0390806
-0.0426426,-0.932306,-0.29281
0.0876364,-0.694117,-0.117098
-0.219403,-0.945363,-0.240384
-0.174306,-0.999965,-0.220144
0.0375055,-0.996987,0.121609
0.0073458,-0.660805,-0.268472
-0.0025874,-0.632854,-0.263716
-0.318123,-0.995662,-0.076622
-0.22058,-0.837521,0.0749265
0.147073,-0.999494,-0.154692
0.0459741,-0.933441,-0.281347
-0.114144,-0.632986,-0.290596
-0.00925814,-0.840232,0.208895
0.0808154,-0.813331,0.0996565
0.13084,-0.80589,-0.0516453
-0.0909534,-0.781502,0.128359
0.0701728,-0.705584,-0.243153
0.0517486,-0.91459,0.220697
-0.0838845,-0.847682,0.192
-0.0965505,-0.783006,-0.235439
-0.287198,-0.877318,-0.0423416
0.209128,-0.949603,0.00674863
-0.288358,-0.996494,0.0513191
0.0886395,-0.451588,-0.0843213
0.117342,-0.886248,-0.18934
-0.119056,-0.824383,-0.243406
0.10539,-0.857933,0.130902
-0.105878,-0.688435,-0.204842
0.117864,-0.995196,0.13745
-0.17828,-0.603811,-0.211981
-0.241089,-0.997038,0.139261
2.05386e-05,-0.9982,0.135192
-0.126817,-0.848085,-0.245499
0.0764868,-0.602141,0.0112383
0.09685,-0.548252,-0.0456174
0.0802906,-0.74228,-0.182202
-0.0331088,-0.714474,0.117566
0.0586978,-0.863038,-0.25697
-0.190852,-0.708799,-0.186703
0.0288752,-0.751645,0.106928
0.111892,-0.494954,-0.148315
0.140829,-0.67749,-0.201778
-0.144631,-0.998302,0.0343099
0.0292779,-0.861073,0.214873
-0.163635,-0.701867,-0.0412958
-0.0559777,-0.997683,-0.286658
0.153119,-0.971353,-0.225947
0.222642,-0.991193,0.0129828
-0.148634,-0.999282,-0.175925
-0.0574511,-0.581418,0.0661291
0.157588,-0.928431,-0.160335
-0.181888,-0.356185,-0.0124323
-0.158996,-0.678986,-0.177138
-0.147213,-0.725845,0.0367105
-0.20365,-0.997907,0.0858432
-0.18864,-0.794177,0.0670354
-0.0408653,-0.638017,0.0832214
0.00958457,-0.939134,-0.298157
-0.126569,-0.744407,-0.210691
-0.138202,-0.898474,0.21183
-0.0363816,-0.997885,-0.0180799
-0.28558,-0.933099,0.074027
-0.0269765,-0.997611,-0.0548367
-0.00574141,-0.997062,0.212837
-0.168259,-0.997873,-0.023858
-0.038422,-0.868741,0.2156
-0.0519045,-0.705617,0.0346708
-0.260372,-0.859523,0.0742084
-0.00156246,-0.492286,-0.177072
0.0600037,-0.997881,-0.122745
-0.283171,-0.998123,-0.0656082
0.0964621,-0.998317,-0.115019
-0.129016,-0.998045,-0.0509683
0.0341442,-0.679107,0.0461088
0.193133,-0.933201,0.0487885
-0.182688,-0.531762,-0.114838
0.0618229,-0.839711,0.184506
0.0325917,-0.570995,0.0485897
-0.0626371,-0.766689,-0.231478
0.175328,-0.599322,-0.23945
-0.07846,-0.638608,-0.246434
0.0264108,-0.99576,0.190824
0.141457,-0.989039,0.174928
-0.114964,-0.998392,0.0216618
-0.047216,-0.999337,0.113934
-0.172848,-0.484499,-0.0184319
-0.191046,-0.999447,-0.15497
0.0375906,-0.970765,-0.315086
-0.265921,-0.294339,0.0240268
-0.0821371,-0.682056,-0.277034
0.167841,-0.995689,0.0912024
-0.107475,-0.999491,0.107852
-0.00621565,-0.72131,-0.226713
0.0734149,-0.997222,-0.0203376
0.0262685,-0.608325,0.0698855
0.108078,-0.514665,-0.255731
0.0436261,-0.289142,-0.191395
-0.000315658,-0.997647,-0.197815
-0.256698,-0.911679,0.109711
0.0951649,-0.888915,-0.228218
-0.23864,-0.997785,-0.0423364
0.0950118,-0.434859,0.00131563
-0.193173,-0.625947,-0.135351
-0.0218537,-0.766934,-0.241798
0.136606,-0.823544,0.0265148
-0.043078,-0.485899,-0.214194
0.0664029,-0.669401,-0.223895
-0.169567,-0.374293,0.0452188
-0.302502,-0.925304,-0.00321792
-0.081237,-0.880571,0.207408
0.0690633,-0.99552,0.145332
0.106488,-0.923886,0.191847
-0.315084,-0.216805,-0.0525972
-0.129705,-0.242481,0.148272
-0.263824,-0.843299,0.0381628
-0.189791,-0.91766,-0.245084
-0.214148,-0.905227,0.166711
-0.0896552,-0.731877,0.058859
-0.220394,-0.955833,0.190807
0.0131184,-0.486816,0.12656
0.147599,-0.234697,-0.0948476
-0.306927,-0.260067,0.0116458
0.0592022,-0.645582,0.0155634
0.0200607,-0.596554,0.0387427
-0.145322,-0.994959,0.223372
0.190022,-0.997741,0.000663627
0.0956204,-0.802824,0.0553295
-0.291054,-0.900097,0.0350657
-0.260107,-0.882899,-0.143118
0.0793696,-0.105344,-0.0670122
-0.142284,-0.651914,-0.0601029
-0.0433102,-0.999679,0.186002
0.0655516,-0.630527,-0.0541214
-0.04174,-0.542857,-0.239785
0.080347,-0.825359,0.134772
-0.155838,-0.963027,0.240517
0.0924562,-0.553513,0.0378598
-0.0873522,-0.403782,0.0907009
-0.289047,-0.983885,-0.164479
-0.0401523,-0.690428,0.0884929
-0.19932,-0.0879127,0.0363211
-0.0323451,-0.58311,0.0936865
0.178767,-0.998304,-0.170119
0.082419,-0.869423,0.179189
0.113542,-0.529745,-0.126036
0.0999172,-0.439006,-0.244955
0.10938,-0.999145,-0.15192
-0.295078,-0.994529,0.118248
0.064388,-0.750377,0.0407116
0.0696604,-0.563407,-0.107436
-0.156505,-0.965558,-0.291021
-0.320229,-0.969375,-0.0729216
-0.0642868,-0.910181,0.231367
0.178151,-0.685535,-0.224712
-0.209964,-0.997452,0.162887
-0.113638,-0.495554,-0.24001
-0.0869962,-0.998466,-0.220187
-0.0162247,-0.998819,0.178021
0.0629475,-0.43476,0.067167
-0.0391955,-0.388928,0.156521
0.105741,-0.658791,-0.147283
-0.123694,-0.991288,-0.304914
0.192647,-0.997665,-0.105692
-0.0390815,-0.4769,0.120442
0.0997146,-0.772385,0.0142212
0.0817058,-0.693471,0.0119353
-0.0435796,-0.643887,-0.27578
-0.167579,-0.685779,0.000180451
0.117784,-0.51533,-0.0519164
-0.257863,-0.99849,-0.150398
-0.122068,-0.0103161,0.178597
-0.0192332,-0.89709,0.23609
0.021606,-0.809377,0.178204
-0.116365,-0.553269,-0.259144
-0.266642,-0.996176,0.111813
0.145738,-0.59514,-0.249085
0.0982145,-0.779456,-0.135595
-0.248803,-0.997145,0.0273075
0.0197788,-0.997463,-0.116019
-0.131269,-0.999555,-0.258846
0.197262,-0.976207,0.10318
-0.0319896,-0.311954,0.159426
0.0492672,-0.736682,-0.225175
0.00649282,-0.896873,-0.283271
0.0194404,-0.86415,-0.27177
0.129647,-0.623369,-0.242841
0.175954,-0.887236,-0.0740921
-0.176226,-0.936107,0.21898
0.0574782,-0.517583,-0.0464726
-0.0498178,-0.997611,-0.0975282
-0.0838318,-0.96783,0.260499
-0.230593,-0.206514,0.0429939
0.138105,-0.506448,-0.174711
0.0558113,-0.615969,-0.0979461
-0.120156,-0.998849,-0.179258
0.14874,-0.998438,-0.0939377
-0.0238748,-0.651739,0.114073
0.0269453,-0.40616,-0.229392
-0.201999,-0.659805,-0.202798
-0.124538,-0.536215,-0.219195
0.081458,-0.776589,-0.214485
0.0571983,-0.452881,0.116518
0.0385524,-0.613709,-0.0314463
0.000186858,-0.715306,0.143215
-0.0611215,-0.247649,-0.127794
0.148122,-0.99894,-0.191914
-0.027596,-0.374904,-0.142015
-0.0467435,-0.103678,-0.100031
-0.239344,-0.844037,-0.176289
-0.19162,-0.748829,-0.148734
-0.301743,-0.956921,0.0426539
-0.064864,-0.550799,0.0796204
-0.257173,-0.93189,-0.186009
-0.286027,-0.996585,0.0023283
0.0327684,-0.314652,-0.230349
-0.241768,-0.930221,0.151022
-0.0339254,-0.549622,0.0902894
-0.0159582,-0.762833,0.113471
-0.215902,-0.993643,0.19566
-0.105247,-0.915481,0.229195
-0.215276,-0.478301,-0.131894
0.000276278,-0.366788,0.132477
0.0791335,-0.534554,-0.241409
0.126998,-0.326441,-0.144199
-0.0114275,-0.559036,-0.237055
0.118023,-0.483826,-0.0599357
0.0600833,-0.55361,0.0273152
0.0425076,-0.99719,0.0808496
-0.0477166,-0.677581,-0.259704
0.0253075,-0.413621,0.138384
-0.293624,-0.962754,0.137515
-0.0820303,-0.675918,0.0431587
-0.253536,-0.889554,0.0975491
0.0310403,-0.0857427,0.217233
-0.264006,-0.83746,-0.102698
-0.091114,-0.849147,-0.260757
-0.118397,-0.515051,0.00606337
0.185114,-0.951317,0.0834412
-0.0790958,-0.999278,0.0889758
-0.150269,-0.724396,-0.186527
0.150945,-0.997339,0.00410238
-0.179445,-0.732776,-0.075699
-0.124786,-0.582115,-0.213635
-0.100664,-0.472331,-0.200999
-0.036687,-0.997665,-0.187025
-0.225789,-0.999064,-0.126224
0.102323,-0.742035,-0.0134999
0.0689741,-0.378824,-0.256128
-0.193549,-0.845721,0.123636
-0.105871,-0.757055,0.0857575
-0.147672,-0.998579,-0.114057
-0.26783,-0.835301,-0.0107545
0.113328,-0.272407,-0.0635902
-0.118523,-0.702992,0.0478817
0.0157965,-0.63973,0.0559379
0.13669,-0.438007,-0.0387554
-0.295644,-0.997123,-0.0321391
-0.0617408,-0.510341,0.066634
0.169555,-0.337167,-0.107593
-0.166127,-0.596497,-0.0960774
-0.187925,-0.337014,0.0200583
-0.000527217,-0.629725,-0.225828
0.185754,-0.909459,-0.0251039
0.0659946,-0.997519,-0.0756901
0.12817,-0.854607,-0.156095
-0.0144331,-0.588955,-0.260732
0.113915,-0.997155,-0.0102253
-0.122935,-0.999267,-0.225955
-0.323067,-0.989239,-0.103744
-0.292711,-0.885121,-0.00985683
0.0138595,-0.90166,0.231804
-0.00877904,-0.315293,-0.153266
0.0544376,-0.577084,-0.0186532
-0.292923,-0.932036,-0.103863
-0.0778292,-0.50126,0.0152359
-0.276211,-0.892646,0.0667183
-0.0598214,-0.817331,0.172838
0.133335,-0.284946,0.0124382
0.0242162,-0.997574,-0.262624
-0.172312,-0.597446,-0.18259
-0.16317,-0.997612,-0.295894
0.0407652,-0.910593,-0.276894
0.113197,-0.442488,0.0414422
0.0695836,-0.517826,-0.0127479
-0.217669,-0.808179,0.0376515
-0.196448,-0.998104,-0.05968
-0.0530999,-0.600335,0.043937
0.0569353,-0.998726,-0.248281
-0.0208666,-0.810846,-0.258433
0.0909321,-0.999279,-0.185657
-0.259933,-0.29334,-0.0765666
-0.246928,-0.891345,-0.170724
0.0862544,-0.996001,0.112789
0.0431055,-0.501475,-0.213336
-0.287698,-0.956047,0.105709
0.0290536,-0.998056,-0.210343
-0.108207,-0.88262,-0.263104
-0.149119,-0.660714,-0.0977872
0.162471,-0.0771956,0.07448
-0.244562,-0.997131,0.0708112
-0.111184,-0.480763,0.0109089
0.156265,-0.233126,0.00524764
-0.236123,-0.805845,0.00527761
-0.0438396,-0.997064,-0.314735
-0.117048,-0.998242,-0.106869
-0.159588,-0.78648,0.0867608
-0.273349,-0.996403,0.0858536
-0.0855617,-0.589086,-0.285985
0.0386122,-0.630481,-0.21055
-0.183447,-0.448839,-0.0559852
0.0484234,-0.503781,0.0986148
0.0800454,-0.482681,-0.045981
0.138811,-0.543063,-0.252727
-0.230892,-0.892354,0.131537
-0.182638,-0.756243,0.0218253
0.041515,-0.216986,-0.158437
0.0980204,-0.99408,0.17974
-0.0470122,-0.735484,-0.220759
-0.111799,-0.556356,0.0274113
0.0332408,-0.676173,0.0131209
-0.199359,-0.998157,0.126541
-0.25207,-0.3876,-0.116963
-0.0389594,-0.603645,-0.260902
0.0486917,-0.791377,0.105556
-0.0322542,-0.462482,-0.177835
-0.070965,-0.754617,0.0897873
0.146986,-0.359476,-0.0228394
-0.0275425,-0.4184,0.135888
0.189527,-0.621793,-0.179713
-0.167582,-0.998316,0.063459
0.0577764,-0.997184,0.0026501
0.0868032,-0.724781,-0.14753
-0.0763891,-0.441244,-0.233882
-0.254806,-0.974521,-0.213079
-0.0539606,-0.65273,0.048311
0.0368759,-0.0381052,-0.0798127
0.127997,-0.956231,-0.227838
-0.17113,-0.402535,-0.0381293
0.0697122,-0.65979,-0.133178
-0.305047,-0.964052,0.0661987
0.136278,-0.389662,-0.10255
0.0938797,-0.618862,-0.228791
0.127192,-0.30779,0.0532455
0.167762,-0.0979112,0.0224122
0.0498344,-0.506327,0.0438679
-0.0171945,-0.998179,0.0445573
0.111399,-0.321224,-0.000708998
-0.0505359,-0.997649,-0.137801
0.101201,-0.414379,-0.0768788
-0.178772,-0.720997,-0.123509
-0.205731,-0.663093,-0.15767
0.0920981,-0.998857,-0.256198
0.156239,-0.673689,-0.130627
-0.14376,-0.468054,-0.202082
-0.113077,-0.570684,-0.00807102
-0.073085,-0.509466,-0.215981
-0.133158,-0.621621,-0.0909427
-0.149591,-0.420402,-0.172178
-0.0635274,-0.35912,0.0857939
-0.0856715,-0.697792,-0.235681
-0.186586,-0.501419,-0.0510025
-0.260262,-0.837091,-0.12421
-0.206407,-0.766894,-0.00277976
-0.100246,-0.804145,0.153168
-0.178061,-0.863067,0.154767
-0.233092,-0.790614,-0.0897869
-0.169321,-0.559379,-0.0646254
-0.0389242,-0.99882,0.0803628
0.073251,-0.385319,0.0902152
0.0866757,-0.577206,-0.138234
0.0207115,-0.58777,0.105338
0.0135191,-0.74728,0.148249
-0.124295,-0.531888,-0.0313495
-0.120895,-0.176213,-0.126536
0.0107959,-0.620497,0.110097
0.153953,-0.166019,0.0646523
-0.226776,-0.800102,-0.171748
0.100407,-0.415272,0.0648849
0.0488698,-0.661649,-0.051914
-0.0791112,-0.574007,0.0100669
-0.15917,-0.420421,0.0414037
-0.0478985,-0.619488,-0.222845
0.122994,-0.889802,0.135022
-0.132206,-0.509065,-0.210115
0.16187,-0.634377,-0.13179
-0.175847,-0.300668,0.0321378
0.081965,-0.51286,-0.112273
0.158408,-0.99686,0.0547442
-0.280145,-0.887789,-0.081719
-0.203451,-0.536203,-0.156708
-0.185016,-0.998551,-0.0942147
-0.279745,-0.945885,-0.154691
-0.0158464,-0.557583,-0.207804
0.0988486,-0.945373,-0.249185
0.109016,-0.489098,0.0410185
-0.0145696,-0.973597,0.249752
0.194966,-0.0618812,-0.0494392
0.182523,-0.239175,-0.0763425
0.0540799,-0.137194,-0.103459
-0.0386944,-0.407182,0.0986033
0.0445146,-0.995968,0.157691
-0.157895,-0.830321,0.148926
-0.139192,-0.612017,-0.0586587
-0.101051,-0.416962,-0.191911
0.118465,-0.463411,-0.209548
-0.202985,-0.461624,-0.164014
-0.13527,-0.296164,0.128428
0.0723318,-0.478896,-0.0100159
0.0371446,-0.101087,-0.11129
0.130804,-0.258493,0.0971212
-0.179935,-0.412882,-0.0676315
-0.0799176,-0.546928,-0.214962
-0.184557,-0.367783,-0.102759
-0.189507,-0.766477,-0.184493
0.00862999,-0.269196,0.15302
-0.083557,-0.995614,0.235343
0.122252,-0.453855,-0.153708
-0.159768,-0.64815,-0.00806591
-0.157447,-0.3402,-0.129825
-0.220588,-0.334283,-0.00230292
-0.0338772,-0.903852,-0.281651
0.118209,-0.229247,0.0313429
0.0929238,-0.264546,0.119067
-0.0803917,-0.607559,-0.251188
-0.207074,-0.415277,-0.138045
0.0303256,-0.997202,-0.30277
0.0928929,-0.202152,0.150512
0.162406,-0.207446,-0.0406544
0.070552,-0.510551,-0.240726
0.0463928,-0.952506,0.232285
-0.07344,-0.534178,0.0198832
-0.0549732,-0.265561,0.171623
0.0221707,-0.5918,-0.20263
0.0604807,-0.656654,-0.101621
0.09239,-0.114454,0.187074
-0.0906888,-0.0337454,-0.0615303
0.053868,-0.265244,0.168906
0.11142,-0.685109,-0.0359716
-0.202773,-0.765726,-0.073217
0.143488,-0.139061,0.0218955
0.041294,-0.545214,0.106812
0.0460124,-0.322383,-0.206951
0.0863726,-0.978972,0.234757
0.0666015,-0.359033,-0.195293
-0.084028,-0.40269,0.046724
0.15593,-0.577225,-0.211578
-0.192393,-0.821967,0.0933526
0.127293,-0.491206,-0.115788
0.103851,-0.515078,0.0403205
-0.154419,-0.239336,-0.104008
-0.176991,-0.723609,-0.0136189
0.169143,-0.654876,-0.17035
-0.0267536,-0.17135,-0.0950183
0.127386,-0.336525,0.0856608
-0.176974,-0.376915,0.0220656
-0.0897368,-0.285716,0.148479
-0.156322,-0.229288,-0.0510324
0.0425656,-0.546967,-0.203822
-0.156493,-0.297056,-0.0937796
0.0319926,-0.649796,-0.0159413
-0.132571,-0.576298,-0.0845158
-0.0838531,-0.363845,-0.191094
0.130962,-0.204707,0.109175
-0.0475303,-0.335315,-0.134648
-0.123795,-0.350726,0.113408
-0.116536,-0.61638,-0.235895
0.10881,0.133081,0.04536
-0.248879,-0.219772,-0.0376734
0.0798761,-0.577847,-0.225922
-0.189452,-0.657196,-0.115169
0.0711974,-0.300026,0.139304
0.102754,-0.421502,-0.178251
0.0873786,-0.308,0.101689
-0.0952441,-0.745051,-0.218434
-0.0422319,-0.14506,0.198079
0.216113,-0.0312104,-0.0159315
0.1599,-0.276538,-0.102108
-0.223886,-0.307539,-0.0902494
0.109612,-0.577556,-0.243327
-0.0775265,-0.621201,0.0215886
-0.171521,-0.557718,-0.148555
0.0677476,-0.321586,-0.133391
-0.16654,-0.486189,-0.0993451
0.116231,-0.372802,0.0491988
-0.2228,-0.361486,-0.0443049
-0.216127,-0.442313,-0.0983518
0.0728648,-0.435977,-0.0287241
0.0985811,-0.192742,-0.0900731
-0.111357,-0.95058,0.243888
0.214126,-0.0617904,0.0389053
0.0972633,-0.347837,-0.141475
-0.180813,-0.417993,-0.130213
0.142533,-0.311131,-0.0793738
0.194642,-0.131828,0.0187933
0.0495852,-0.338854,0.169421
0.00841996,-0.431367,-0.172189
0.0958107,-0.370157,-0.081969
-0.146932,-0.448798,0.0243226
-0.141811,-0.208624,0.141129
0.12102,-0.339908,-0.0468484
-0.0467342,-0.351472,0.119993
-0.0220814,-0.534892,0.136429
-0.12696,-0.284419,-0.116178
-0.00635414,-0.213073,0.159523
-0.152407,-0.239297,0.113696
-0.202776,-0.920779,0.193246
-0.080155,-0.329755,-0.172647
-0.107785,-0.313472,-0.198192
0.0272524,0.0145375,-0.0565979
-0.119484,-0.192506,-0.099405
-0.0750789,-0.715478,-0.207653
-0.0115651,-0.594543,0.121453
0.0142884,-0.122882,0.18735
-0.0878424,-0.115479,-0.101791
-0.271803,-0.986432,0.156394
-0.162803,-0.562823,-0.196814
-0.169616,-0.266861,0.0830901
0.0957091,-0.399885,0.00634765
-0.0428523,-0.221938,-0.103664
0.192425,-0.125198,-0.052299
-0.166942,-0.177811,0.0993758
0.0897921,-0.590653,-0.0449642
0.0767902,-0.402303,-0.0207943
-0.0367896,-0.510289,0.0848186
-0.256505,-0.336186,-0.0822536
-0.117684,-0.326374,-0.159526
-0.082202,-0.571511,-0.243498
-0.147897,-0.375986,-0.16464
0.133657,-0.169748,0.122489
-0.077843,-0.389198,-0.211797
0.0457924,-0.334769,-0.161397
0.162629,-0.593303,-0.186562
-0.160717,-0.153577,-0.0447644
0.144463,-0.0892589,-0.0415399
0.11296,-0.624539,-0.15907
0.133797,-0.394906,-0.14425
0.0264095,-0.698885,-0.23516
-0.235688,-0.356085,-0.129249
0.0289695,-0.343816,-0.232258
0.142647,-0.486121,-0.228859
0.109332,-0.314571,-0.0766278
0.00806455,-0.261175,-0.186242
0.195937,-0.616132,-0.208348
0.0250079,-0.997701,-0.157794
0.00326406,-0.0591245,0.206464
0.0691165,-0.949358,0.221281
0.0827688,-0.0204846,-0.0691555
0.014368,-0.713842,0.106661
-0.144679,-0.387507,0.0724902
-0.0539359,-0.175861,0.166174
0.130022,-0.153706,0.164631
0.0692485,-0.725505,0.0129388
-0.116344,-0.66832,-0.297826
-0.111505,-0.496337,-0.0227361
0.180083,0.0313317,0.109839
0.124449,0.0982494,0.0398143
-0.0624999,-0.434306,0.0685529
0.0624718,-0.369543,0.127371
0.0723962,0.0946778,0.00182918
0.103642,-0.289919,0.0254278
-0.0856033,-0.658045,-0.276339
-0.12953,-0.120875,-0.0482539
0.0778076,-0.21121,-0.128471
-0.0276195,0.142196,0.0381108
0.178578,-0.174561,-0.0604315
0.126598,-0.347969,-0.087144
-0.000257193,-0.445027,0.124689
0.131843,-0.259257,0.0576447
0.155557,-0.524978,-0.225303
-0.222935,-0.424453,-0.059654
-0.221905,-0.270288,0.019744
-0.0500361,-0.295822,0.113261
0.0126685,-0.388853,-0.193135
-0.270049,-0.173141,-0.0421765
0.0534844,-0.476386,0.0706919
0.148328,-0.149369,-0.0127735
0.0179388,-0.661551,-0.22511
0.0785408,-0.398992,-0.212109
-0.164756,-0.697053,-0.0786991
-0.0556747,-0.341658,0.150797
0.130768,-0.181248,-0.00159033
0.0995005,0.207997,0.201168
-0.222789,-0.388183,-0.081425
-0.174387,-0.00778989,0.00344127
-0.06964,-0.533392,0.0457952
0.0263207,-0.200229,0.185068
0.129003,-0.425693,-0.107592
-0.0188682,-0.180313,0.189141
0.114073,-0.079217,0.20263
0.00813177,-0.173525,0.170319
-0.222176,-0.18148,-0.0260991
0.114488,-0.234092,-0.0437532
-0.0623552,-0.42179,-0.186737
-0.148708,-0.488257,-0.172027
-0.217082,-0.219734,-0.052379
0.048672,-0.418669,0.147717
0.134871,-0.434004,-0.186363
-0.117953,-0.398453,0.062246
-0.0863588,-0.161694,-0.130439
0.12752,0.0150988,0.198151
0.184135,0.0106527,0.0792151
0.089033,-0.997465,-0.0546815
0.0527166,-0.461993,-0.245183
0.115134,-0.251821,-0.125611
-0.178179,-0.22233,0.0551189
-0.0368516,-0.818803,0.186111
0.142028,-0.114925,-0.0679609
-0.00941359,-0.684521,-0.240997
0.127925,-0.159067,-0.0967621
-0.111461,-0.372698,-0.160858
0.0514784,-0.889055,0.206113
-0.172059,-0.328044,0.0654734
0.164491,-0.113336,0.083382
0.0118381,-0.511285,0.124604
-0.0739864,-0.201846,-0.147613
0.0482794,-0.232116,0.199656
-0.277564,-0.303974,-0.0248166
-0.241437,-0.424282,-0.147222
0.0515925,-0.813283,0.160691
0.120837,0.0574613,0.0166288
-0.166485,-0.194412,-0.0245356
-0.0235212,-0.997238,-0.269279
0.194899,0.0137755,-0.00944872
-0.270228,-0.0985251,0.0527236
0.134588,-0.678098,-0.164329
0.0826707,-0.0683387,-0.0680908
0.166359,0.0185573,0.155782
-0.120097,-0.254742,-0.166245
-0.119805,-0.432535,0.0291386
0.211235,0.0493821,0.0678616
-0.174522,-0.00900935,0.0945958
0.128973,-0.217745,0.0682533
0.0718337,-0.249267,-0.149339
-0.0813766,-0.286406,-0.169248
0.0789567,-0.15728,0.17893
0.0208763,-0.311345,0.163245
0.12958,-0.0167539,0.193333
-0.142414,-0.156408,0.1444
0.219259,-0.0950178,-0.00838281
-0.0722919,-0.0111526,0.214975
0.0334804,-0.283807,-0.164044
0.0783885,-0.247497,0.147866
-0.0104551,-0.26252,-0.143022
0.138249,-0.0968964,0.147794
0.110906,0.16355,0.200281
0.140784,-0.200229,-0.11185
-0.149574,0.0808435,0.105715
-0.00843054,-0.405847,-0.152206
-0.198861,-0.0589795,-0.0197917
0.176172,-0.0362582,0.0986711
-0.0511136,-0.223142,0.182993
0.0828554,-0.00507514,0.218601
-0.126756,-0.807351,0.144057
0.116247,-0.369117,-0.0596527
-0.114943,0.0704501,0.0322409
-0.0239077,-0.129274,-0.0840666
0.0219327,-0.382808,-0.228402
0.104129,-0.385179,-0.156356
0.0842483,-0.363182,0.0741243
-0.0692661,0.165178,0.0760636
-0.163656,-0.457333,-0.153597
0.0545064,0.0577334,-0.00829894
0.0407431,-0.376068,0.164746
0.00314671,-0.307623,-0.190231
-0.152944,-0.0486592,0.0034763
0.149287,-0.303361,-0.117316
-0.174182,-0.257181,0.0263777
-0.189269,-0.293229,-0.0738777
-0.217511,-0.513459,-0.122908
-0.137955,-0.520743,-0.186293
0.118067,-0.55341,-0.138157
-0.179039,-0.452436,-0.0931382
0.0495367,-0.58819,-0.208048
0.0136828,-0.123252,-0.131434
0.0549299,-0.130653,0.197092
-0.00179135,-0.0333893,-0.0600916
0.0726752,-0.25109,-0.106689
-0.110464,-0.0446352,-0.0192654
-0.0398715,-0.503105,-0.246326
0.277269,-0.0605798,-0.0087257
-0.222162,-0.260015,-0.0639329
-0.187947,-0.117963,-0.00097055
-0.0105885,-0.221364,-0.132126
0.0946571,-0.655503,-0.23313
-0.284285,-0.195142,0.0150232
-0.141325,-0.0855152,-0.0418846
0.164789,-0.0268805,-0.00659536
-0.0821179,-0.427529,0.0386961
-0.0892361,-0.0964715,0.2015
-0.27386,-0.109519,0.00476617
-0.087711,0.0264299,0.209367
-0.214365,-0.471358,-0.0845902
-0.0200296,-0.247335,0.163158
-0.0370399,0.124345,0.241311
-0.170036,-0.316927,-0.0130015
0.118899,-0.290385,-0.141389
0.0846139,-0.551169,-0.081769
-0.28518,-0.225837,-0.0354545
0.118299,-0.054143,-0.0412072
-0.144025,0.0690053,0.145056
-0.118421,-0.873748,0.193569
0.0863597,0.17129,0.222562
-0.0367922,-0.452155,0.147337
-0.172436,-0.158278,-0.00964801
0.120716,-0.342902,0.0406499
-0.208176,-0.509509,-0.160273
-0.162466,-0.204804,-0.0912046
0.127993,-0.287936,0.109339
-0.034274,-0.080807,0.199687
0.124531,-0.285987,-0.034116
-0.0432652,-0.698788,-0.228046
-0.0376705,-0.300566,-0.121424
-0.328701,-0.219358,-0.0175999
-0.306367,-0.26562,-0.0431388
-0.240027,-0.313546,-0.0536645
-0.0347906,0.0993142,0.00668494
0.127176,-0.467685,-0.254087
-0.0804333,-0.998686,0.0445466
-0.166814,-0.33118,-0.0811676
-0.242798,-0.141885,0.0551536
-0.137284,-0.0915229,0.159121
0.143584,-0.390117,-0.0216959
-0.047,-0.220847,0.149513
-0.186137,-0.250496,-0.0572149
0.043298,-0.042104,0.23664
0.00406607,-0.345978,-0.184472
-0.0824236,-0.249309,-0.16474
-0.169982,-0.515958,-0.183577
-0.178998,-0.191676,0.0503648
0.0474164,0.037555,0.24109
0.202349,-0.0916067,0.052171
0.0400642,-0.247936,-0.202115
0.0311356,-0.159053,0.203072
-0.22555,-0.285734,-0.0246045
0.126494,-0.154747,0.0731023
-0.244583,-0.0893785,-0.00859045
-0.159661,-0.138471,0.0829533
0.100671,-0.697302,-0.1611
0.0603114,-0.468459,0.0413999
0.233371,-0.114453,-0.0493174
0.18836,-0.657938,-0.201968
0.16642,-0.198323,0.0405693
-0.189627,-0.52765,-0.0802138
-0.154803,-0.0868972,0.113951
-0.185119,-0.428066,-0.000581804
-0.124059,0.10287,0.0594617
-0.051919,-0.473392,0.0652814
0.0680101,-0.3781,-0.153102
0.130959,-0.104418,0.175907
-0.278005,-0.232602,0.0247677
-0.31594,-0.304188,-0.0307681
-0.00467044,-0.339993,0.134521
-0.209188,-0.385832,-0.0319844
-0.0870542,-0.226888,0.166736
-0.138581,-0.0599805,0.155217
-0.0826298,0.317215,0.211007
0.00111838,0.0108871,-0.0363428
0.117903,-0.230665,0.142976
0.00825768,-0.077524,-0.0975753
0.154402,-0.0136449,0.137801
0.209392,-0.199855,-0.069066
0.146828,-0.125283,0.112448
-0.140874,-0.759665,0.0656113
0.189567,0.0663252,0.0994485
-0.0689534,-0.0691974,-0.0804286
-0.122545,-0.597901,-0.0294365
0.0406645,-0.166235,-0.133486
-0.0800062,0.0417721,-0.0184374
0.0852824,-0.36433,-0.0030414
-0.0516468,0.0175065,-0.0400793
0.120528,0.285841,0.202702
0.241646,-0.186134,-0.055531
-0.0106275,0.0780644,0.24222
-0.0626302,-0.3874,-0.165802
0.121157,0.0226994,-0.00113858
0.0917978,-0.479252,-0.110454
-0.1969,-0.108924,0.0999279
0.196865,-0.0212341,0.0657218
0.253066,-0.105551,0.0172533
-0.0975505,-0.173942,0.183107
-0.15552,-0.0973161,-0.00861955
-0.186987,-0.59406,-0.137811
0.260205,-0.147373,-0.0403462
-0.084257,-0.334417,0.1126
0.172082,0.0850352,0.140702
0.239347,0.0307081,0.016067
-0.229152,-0.450303,-0.153577
0.00921932,0.0566838,0.240714
0.0870575,-0.477528,-0.256681
0.0136435,-0.188671,-0.163211
-0.195789,-0.0289491,0.0439573
-0.0571198,-0.187189,-0.120389
0.0677179,-0.425016,0.103359
-0.104866,-0.0768555,-0.0813978
-0.122969,-0.295745,-0.165011
-0.192784,-0.0591787,0.0676674
0.249455,-0.074614,-0.0331253
0.149197,-0.318562,0.000541751
0.0777098,-0.14342,-0.0806558
-0.133365,-0.167855,-0.0697309
0.177771,-0.998926,-0.144432
-0.15665,-0.263959,-0.0634245
0.134094,-0.0557716,0.178845
0.0300337,-0.784024,0.17535
0.18785,-0.168149,0.000257087
-0.0892065,0.266508,0.17793
-0.124352,-0.244365,-0.12899
0.209688,-0.000333946,0.0402392
-0.122873,-0.153291,-0.103717
0.0493038,-0.00135829,0.234876
-0.218539,-0.1346,-0.020082
-0.251084,-0.0655121,0.0248166
-0.145161,0.0791055,0.0328705
-0.0465957,-0.258164,0.136616
-0.0138584,-0.531758,-0.196824
0.105746,-0.0197118,-0.0229878
-0.0616963,0.0575374,0.219639
0.0775901,-0.553159,-0.00392975
-0.268069,-0.259886,-0.0587121
-0.0179271,-0.0163899,0.229215
-0.229226,-0.0906052,0.0584621
-0.158749,0.0189552,-0.00328714
0.0317684,-0.459524,-0.214131
0.215318,-0.160749,-0.0751662
0.16298,-0.0511538,0.048162
0.182212,-0.289019,-0.0739683
-0.0061026,-0.186487,-0.124803
-0.150551,-0.11658,0.134328
-0.0190524,-0.0928274,-0.0720109
0.0834813,0.121771,0.237663
-0.180213,0.0623629,0.0960999
-0.068627,-0.46589,0.0178926
0.148399,-0.0464058,0.119599
0.203103,-0.0681637,0.00207776
-0.211177,0.295029,0.025441
0.03963,0.136393,0.0258205
0.0348743,-0.254237,-0.16216
0.152193,-0.420841,-0.125102
-0.0725397,0.114978,0.218998
0.0434903,-0.0907609,-0.0818248
0.0677274,-0.0320709,0.21474
-0.208184,-0.336446,-0.113629
0.0164211,-0.0134176,0.214936
0.0499075,0.255128,-0.0109684
-0.166706,-0.0274717,0.139663
-0.119438,0.0514794,0.181751
0.0907109,0.0472399,-0.0214924
-0.20784,-0.781206,0.0243119
0.118326,0.205995,0.162556
-0.0601178,-0.471347,-0.243052
-0.126955,-0.214845,-0.130305
-0.211811,0.0477872,0.0784265
0.123857,0.104818,0.210137
-0.30025,-0.177115,-0.020576
-0.098038,0.0103692,-0.00253764
-0.305196,-0.143509,0.000259581
-0.0140582,0.0778179,-0.00876302
-0.297254,-0.997332,-0.128262
0.208888,-0.194063,-0.0270562
-0.222449,-0.0174069,0.0781453
-0.260552,-0.0632978,0.0698266
-0.161334,-0.520684,-0.0398291
0.041675,0.176001,0.254868
0.0669737,-0.784259,0.0623369
-0.16603,-0.148659,0.110729
-0.187636,0.0342034,0.0287335
-0.101059,0.114565,0.201131
-0.0505237,0.0299201,0.220117
0.0500062,-0.262937,0.191988
0.0697751,-0.103972,-0.104173
0.0816251,-0.170464,-0.117763
0.0559512,0.0831649,0.236269
0.000825487,0.110617,0.020414
0.148033,0.0532537,0.176713
-0.128346,0.100987,0.140659
-0.295562,-0.142074,0.0241626
0.0518234,0.233066,0.240221
-0.286901,-0.177379,0.0449472
-0.161248,-0.00186289,0.0636128
-0.110236,0.13292,0.0779849
0.156262,0.115569,0.0947321
0.12104,-0.368402,0.0869885
-0.0195395,-0.743137,0.147388
0.114883,0.0758271,0.217645
0.135563,0.293876,0.134494
-0.25954,-0.323042,0.0175104
-0.158934,0.113863,0.122391
0.0480384,0.0294758,-0.0243339
-0.276091,-0.272699,-0.00840358
0.0174023,0.257953,0.254644
0.139217,0.160768,0.145114
0.0692698,0.126783,0.0275202
0.2383,-0.128699,-0.00847549
0.139892,0.155194,0.0857925
0.151474,-0.265099,-0.0660731
0.258866,-0.00966654,0.0128151
0.0765091,0.0113407,-0.0509567
-0.0785332,-0.00569853,-0.0491056
0.149488,-0.0570034,-0.0210859
-0.0888482,0.207452,0.173569
0.165819,-0.364148,-0.111715
-0.208876,-0.17823,0.070409
-0.0988934,0.172897,0.126426
-0.231231,-0.121281,0.0175291
0.152066,0.0669889,0.0560979
-0.158675,0.0540298,0.044393
-0.0818266,0.479123,0.115901
0.148791,0.113644,0.175534
-0.0323708,-0.0561891,-0.0655491
0.0937463,0.0420775,0.231743
-0.125263,0.0371003,0.021243
-0.150078,0.223777,-0.0313842
0.128862,-0.19198,0.151632
0.0394439,0.0950078,-0.00417769
0.103512,-0.2192,-0.101213
0.199899,0.0420339,0.039787
-0.0305919,0.243183,0.235968
-0.127463,0.103262,0.175506
-0.121943,-0.224689,-0.10285
0.0177942,0.130421,0.259907
-0.252833,-0.138188,-0.0356206
-0.13772,0.0272661,0.158082
-0.118431,-0.120544,-0.0821847
-0.208394,0.250604,0.0629828
0.146748,-0.185839,-0.0774697
0.14915,0.00969902,0.0195936
-0.0392544,-0.998232,0.0225666
0.169512,0.298449,0.0919197
0.086549,0.248378,-0.0241011
-0.201036,0.0142876,0.0817313
-0.148286,0.0330355,0.0966718
0.130933,-0.555037,-0.173662
0.176677,0.330997,0.0751767
0.0619488,0.285131,0.243565
-0.192131,0.346853,0.0692362
-0.320697,-0.193078,0.00998695
-0.110819,-0.126908,0.188378
-0.0700618,0.126219,0.0466339
-0.167127,0.229145,0.132222
0.151962,0.193041,0.0995362
-0.0771026,0.0904633,0.0146054
-0.122396,-0.17723,0.171671
-0.014362,-0.149828,0.194345
0.00409545,-0.228312,-0.168688
0.0682687,-0.326411,0.129138
0.013703,-0.468264,-0.177404
0.0601818,-0.372286,-0.229
-0.100505,0.0759531,0.205287
-0.209129,-0.00452155,0.017864
0.061592,-0.221093,0.169241
-0.0601149,-0.294498,-0.141278
0.00675696,0.333306,-0.00291447
-0.102234,0.158646,0.188877
0.131997,-0.193157,0.077754
0.0833278,-0.0801364,0.20165
0.0909503,0.385003,0.209292
0.0509115,0.195387,0.0311951
0.00756292,0.221853,0.0172418
-0.0975008,-0.0543696,0.203624
-0.153585,-0.366622,-0.125294
0.0608062,0.425854,0.194786
0.160909,0.241174,0.124164
-0.0539138,0.0673017,-0.0101303
-0.126781,0.137856,0.158356
-0.142536,-0.00831317,0.140931
-0.0755158,0.2325,0.196623
-0.239738,-0.240943,0.0339591
-0.0392147,0.223488,0.0157884
0.121724,0.181692,0.0620522
-0.111623,0.163214,0.0199848
-0.055944,-0.0511385,0.210276
0.148322,-0.152367,-0.0636713
-0.17833,0.375063,-0.050596
0.226358,-0.154005,-0.0344068
-0.033192,0.2061,0.248658
0.0467137,-0.485149,0.131115
0.0486117,-0.0195354,-0.0488173
0.152412,0.119553,0.130562
-0.226624,-0.0355456,0.0120148
0.00625977,0.020534,0.230556
0.145849,-0.608611,-0.15393
-0.0866313,-0.483468,0.0837245
0.108089,0.238818,0.00275744
0.118828,0.235852,0.0421719
-0.189912,-0.073123,0.112834
0.112342,0.295474,0.0011227
0.126451,0.196966,0.123351
0.0833234,0.240877,0.215317
-0.0654355,0.144134,0.226964
0.120004,0.407443,0.182015
-0.339887,-0.189449,-0.0211475
-0.0373212,-0.262543,-0.115424
0.0263185,-0.704949,0.0406339
-0.0167697,0.0223617,0.236368
-0.0600452,-0.137056,-0.120637
0.158554,-0.105836,0.0449027
-0.0717365,0.373799,0.204953
-0.121343,-0.446093,-0.203601
-0.102355,0.257416,0.133894
0.16264,0.351396,-0.0869794
-0.0359278,0.184055,0.0607669
-0.098481,0.204311,0.104094
-0.0289671,0.297952,-0.00292852
0.0191507,0.0591102,-0.0190768
-0.208784,-0.127744,0.049996
0.0771835,0.455766,0.167023
0.192911,0.328789,0.0348492
-0.125061,-0.638242,-0.234344
-0.0735001,0.48237,0.0370158
0.0549575,0.358517,-0.0270947
-0.121372,0.449527,0.151863
-0.0226833,0.172618,0.254076
0.122897,0.370588,0.175967
0.11592,0.326583,0.202146
0.104174,0.433186,-0.081164
-0.000957441,0.438265,0.195295
0.0241199,0.16959,0.0500361
0.00291084,0.215487,0.251501
-0.0467048,0.480968,-0.00492015
0.185612,0.0564386,0.138674
-0.0782718,-0.136884,0.192312
-0.158206,-0.215069,0.0918573
-0.126581,-0.0119757,-0.00484793
-0.131401,0.139812,0.115453
-0.0766169,0.198753,0.0629228
0.0139894,0.306776,0.00212574
-0.184951,0.268419,0.107041
0.235575,0.489545,0.116547
0.245985,0.455168,0.168148
-0.15725,0.391151,0.124079
0.0528855,0.55452,0.182962
-0.0629178,0.283015,0.219858
0.0812848,0.336276,0.21357
0.0441349,0.639455,0.192107
0.129378,-0.224167,-0.0159978
-0.0691547,0.266736,0.0210784
-0.215357,0.00361725,0.0487637
0.269813,0.374212,0.0193381
0.00921998,0.259448,0.00769687
-0.191442,0.134482,0.0372436
0.132095,0.279246,0.0841422
0.157278,0.412044,0.0253642
-0.280556,-0.261181,0.0374057
0.0539374,0.299899,-0.0267512
0.190167,0.349481,0.119457
-0.00207663,0.30604,0.251049
0.106258,0.480824,-0.0600664
0.0212609,-0.239333,0.172296
-0.207038,0.225028,0.0128431
0.0524297,-0.30185,0.170858
-0.0363351,-0.446966,0.0938539
0.0294551,-0.214708,-0.188101
0.114084,0.474182,0.142295
-0.0284066,-0.428607,-0.160648
0.14598,0.264687,0.045623
-0.166034,-0.0028038,0.145772
0.254371,0.329902,0.0417556
-0.0177429,0.68615,0.145677
0.114157,-0.0457131,0.211603
-0.143726,-0.0544286,-0.0222476
-0.183591,0.190228,0.0974952
0.0653266,-0.193325,0.17555
-0.11826,0.468287,-0.081272
0.0786114,0.187891,0.0595576
0.128144,-0.284712,0.0840069
0.0847239,0.291503,0.00323815
0.262332,0.499388,0.134393
0.0469971,0.136758,0.252956
-0.0269545,0.518411,0.136349
-0.0219981,0.048266,-0.0298011
-0.129319,0.23241,0.11332
0.144787,-0.0711205,0.119805
0.15186,0.401006,-0.132655
-0.031808,0.375373,0.225776
-0.160117,0.293203,0.0153456
-0.121434,0.304732,-0.0246977
-0.155537,-0.316728,0.0978483
-0.0511964,0.580243,0.107602
0.0543596,0.22367,-0.000506701
0.154026,0.466826,-0.128081
-0.152011,0.68769,-0.00564901
-0.0468095,0.522906,0.102861
-0.162972,0.165352,-0.03868
0.134821,0.225042,0.0879794
-0.176893,0.306967,0.106696
-0.15027,0.402444,0.0786142
0.106634,0.366663,-0.002319
-0.244985,0.0782235,0.12021
-0.0683615,0.442984,0.169094
0.131456,0.243834,0.174222
-0.139936,0.258401,-0.0112119
-0.0126018,0.410351,0.00624734
0.0652502,0.52949,0.128044
-0.0869523,0.472983,-0.0559625
-0.179276,0.180879,0.00494862
-0.0467898,-0.0202578,-0.067052
0.0366051,0.374009,0.228076
0.182445,0.359319,0.00737072
-0.108601,0.373902,0.174674
0.21888,0.349117,0.0573599
-0.11154,0.433991,-0.0769497
0.17987,0.409751,0.155069
-0.0443219,0.309971,0.228616
0.139486,0.122006,0.0588262
-0.300205,0.0979454,0.129096
0.0914471,0.0966994,0.236313
0.23608,-0.217368,-0.0685415
0.0779181,0.580046,0.124218
-0.117249,0.356745,-0.0188273
0.295098,0.585031,0.245498
-0.113175,0.168263,-0.0471589
0.0153145,0.522363,0.172672
0.228102,0.37388,0.123122
0.130957,0.447805,0.164103
-0.209852,0.198835,0.0614449
-0.203358,-0.0911127,-0.0271036
-0.103209,-0.370562,0.082576
-0.124625,-0.998608,-0.142625
-0.106735,0.294451,0.15166
0.138207,0.364777,-0.122821
0.279945,0.424653,0.0741236
0.155318,0.330483,0.142051
0.226718,0.38925,-0.127297
-0.068521,0.202698,0.21308
-0.0507618,-0.680353,0.0618258
0.211863,0.417398,0.0780712
0.235847,0.426865,0.0385873
0.281569,0.381073,0.100753
0.0415305,0.675283,0.0171783
0.096519,0.392809,-0.0836315
0.242621,0.485737,0.195207
-0.10722,0.191923,0.0684911
0.0794387,0.159623,0.0449047
0.216257,0.39199,0.0216244
-0.234621,0.154077,0.0952235
-0.238368,0.608569,-0.0620337
0.161824,-0.260933,0.0113869
0.14743,0.28353,0.020705
0.0423929,0.378231,0.00497589
0.270475,-0.0258298,-0.0192789
0.09325,0.316776,-0.0822853
-0.0260755,0.272888,0.254701
0.149697,0.369005,0.12664
-0.118648,0.447984,0.0905135
0.0598884,0.620655,0.0192623
-0.230421,0.266903,0.00872493
-0.0760589,0.293077,-0.0218551
0.17952,0.293243,0.0319828
-0.0996284,0.411334,0.0432104
0.0798166,0.2285,0.0259
0.100949,0.279822,-0.0368488
0.00424774,0.355094,0.235757
0.169284,0.420979,-0.0853738
-0.130263,0.189306,0.0412401
-0.0606733,-0.363373,-0.155068
-0.0918172,0.2177,0.0355335
0.133728,0.370479,-0.000567374
-0.152293,0.315443,-0.0360732
-0.152149,0.331019,0.0193836
0.335306,0.691239,0.266954
0.108244,0.281194,-0.0685294
0.138345,-0.470954,-0.183314
0.113193,0.516604,0.0605245
-0.115764,0.436589,-0.00160511
0.105329,0.62275,0.0863105
-0.181482,0.238583,0.0501303
-0.0828533,0.347763,-0.0447922
0.119615,0.568976,0.0585813
-0.206664,0.308354,0.0648953
-0.176809,0.290848,0.134217
0.164986,0.519658,-0.123732
0.20581,0.491636,0.0927833
-0.355508,0.1165,0.181723
0.0885215,0.28624,0.234423
-0.1715,0.254461,0.00921387
-0.0399383,0.662821,0.0745781
0.206044,0.443206,0.0306624
-0.0291955,0.506148,0.017473
-0.0179422,0.621348,0.167733
0.108955,-0.450763,-0.0317227
0.336581,0.647097,0.206799
-0.0645793,0.122726,0.0233599
0.126537,0.413783,0.0103591
0.286913,0.336705,0.0346028
0.231956,0.52236,0.120129
-0.172002,0.60568,-0.0878354
0.0946669,-0.503384,-0.0811573
0.263918,0.352182,0.070423
0.268827,0.535353,0.215404
-0.0267494,0.360458,-0.0066654
0.0282469,0.343806,0.234964
-0.265604,0.113117,0.105031
0.189232,0.472627,0.180651
0.199383,0.505323,0.184457
0.169576,0.486951,0.0764957
0.21473,0.430047,0.170527
-0.0978715,0.595244,-0.00576364
-0.0596595,-0.794372,0.148464
-0.0361083,0.622288,0.0388855
-0.00386636,0.470966,-0.00917891
-0.332078,0.075356,0.0948238
-0.167036,0.334045,0.130751
-0.0181019,0.694224,0.0722506
0.138007,-0.0150557,-0.0303331
0.193177,0.518941,-0.0738343
-0.15489,0.59822,0.0204713
-0.119935,0.332232,0.152799
0.148425,0.399626,0.147291
-0.0463772,0.556539,0.00924326
-0.131842,0.19264,0.0983432
0.0711432,0.203626,0.233517
-0.176007,0.214157,-0.00645338
-0.364456,0.0918099,0.152807
0.109933,0.342289,-0.0327839
0.207422,0.495919,-0.100219
0.267415,0.564216,0.189534
0.00444956,0.482793,0.171018
0.0818233,0.540837,0.0761717
0.325096,0.577926,0.183794
-0.00787547,0.207,0.0464973
0.153443,0.463266,-0.0545614
-0.12245,0.39036,-0.0741438
-0.104307,0.378454,0.0262961
-0.175594,0.226786,0.104677
-0.228207,0.61954,-0.113091
-0.0554328,0.399896,-0.0302957
0.159253,0.316547,-0.124919
0.311049,0.604843,-0.114323
0.149178,0.605752,-0.0461624
-0.22602,0.756956,0.00502205
-0.0990964,0.395548,-0.064289
-0.323159,0.0615594,0.189595
-0.166037,0.096405,0.0761045
-0.0871092,0.351529,0.00392443
-0.0842024,0.223594,-0.00114639
0.149633,0.286543,-0.0759442
-0.151924,0.416283,0.12446
-0.140567,0.39203,0.158956
-0.0511133,0.424854,0.194524
0.230138,0.430674,0.12547
0.341596,0.618902,0.219247
0.141548,0.434313,-0.0461034
0.186514,0.379616,-0.100734
0.316383,0.665015,0.266726
-0.214051,0.108496,0.106865
0.0816075,0.588119,0.157474
0.264542,0.458281,0.094267
0.0298539,0.411297,0.208029
0.133722,0.377669,-0.0548772
-0.0505674,0.584745,0.0293721
-0.234471,0.136686,0.0464344
0.252518,0.539906,0.153338
-0.254032,0.0866914,0.0660936
0.285583,0.609234,0.205792
0.288388,0.571055,-0.148212
-0.0623902,0.244381,0.229485
-0.162933,0.15548,0.0832065
-0.177958,0.373385,0.0949249
-0.153406,0.158047,0.0421015
-0.187641,0.526203,-0.111001
-0.187268,0.507479,-0.0589728
0.144851,0.503586,0.0997643
0.178892,0.427348,-0.14886
-0.21419,0.435529,-0.0768698
-0.0962884,0.166768,-0.0131645
-0.366121,0.0776788,0.116825
0.191723,0.632311,0.019745
-0.147929,0.373082,0.0520921
-0.272561,0.0559222,0.108596
0.151552,0.458008,0.0555276
0.0710571,0.491151,0.113179
0.296695,0.740924,-0.0301101
-0.162301,0.576075,-0.0107905
-0.237085,-0.0401588,0.0510619
-0.0471922,0.604944,0.127943
0.213427,0.441245,-0.124853
0.23995,0.426747,0.0851131
-0.0813751,0.530141,0.102123
0.0721303,0.381242,-0.0503142
0.299211,0.671266,0.223345
-0.129569,0.527337,-0.0797075
0.191187,0.339685,-0.110128
0.0685778,0.57321,0.0845545
-0.117951,0.214393,0.144077
0.0383125,0.506114,0.0105254
0.202789,0.444696,0.103371
-0.123906,0.344044,-0.0637787
-0.239238,0.481279,-0.0784354
0.130162,0.325069,-0.109751
0.163428,0.494568,0.157103
0.237242,0.403189,0.150547
0.0407429,0.453795,-0.00206833
-0.137759,0.472693,-0.0275034
0.29905,0.68976,-0.0857639
0.332788,0.588284,0.239774
-0.0995342,0.516655,0.0316922
-0.0945419,0.496943,0.0715147
0.238771,0.581977,-0.146227
-0.246887,0.726086,-0.00800167
0.1618,-0.172074,0.0280075
-0.190759,0.687633,0.0312507
0.0789932,0.460268,-0.0381391
0.0545077,0.532255,0.152944
-0.293441,0.0555164,0.166371
0.312548,0.658129,-0.117229
0.228618,0.532035,0.182917
0.236098,0.591357,-0.0794372
-0.144302,0.398031,-0.0373104
-0.186203,0.641499,-0.0854894
0.0407537,-0.111758,0.225154
-0.287414,0.0726615,0.0814564
0.0993491,0.657811,0.0759317
-0.303397,0.654823,-0.0913116
-0.23599,0.695584,-0.0994801
0.209357,0.537745,-0.149628
0.207409,0.570887,-0.0643998
0.33334,0.642074,-0.17947
0.324703,0.755667,0.227324
0.226494,0.320498,0.0108308
-0.212266,0.169158,0.0334546
0.111876,0.450551,0.0290637
0.327043,0.794765,0.249662
0.139805,0.486837,-0.0122829
0.13559,0.332136,-0.00621398
0.0141551,0.72612,0.0975936
-0.0706144,0.448099,0.032207
-0.0477954,0.493236,0.114331
0.00095606,0.402928,0.214299
0.379529,0.667439,-0.177449
0.275192,0.584213,-0.105916
0.101401,0.501091,-0.0297397
0.12403,0.438566,-0.0169112
0.223689,0.640424,-0.00550497
-0.312517,0.0621853,0.129192
-0.1009,0.24784,-0.00679467
0.238464,0.390989,0.0460732
-0.106002,0.29449,0.0071766
0.29223,0.645801,0.233103
-0.325036,0.754585,-0.0756353
-0.166055,0.320853,0.0464708
0.208043,0.698743,-0.0542471
0.268028,0.561589,-0.114544
-0.399105,0.0808121,0.157807
0.0872537,0.538793,0.0146445
-0.143065,0.306489,0.142815
0.312849,0.537074,0.216897
0.270154,0.800832,0.273107
0.290112,0.399126,0.0399011
0.220296,-0.0886566,-0.0541392
-0.00826301,0.548867,0.16137
0.0723024,0.339777,-0.0619834
-0.0866523,0.632686,0.11718
0.269768,0.719449,-0.0167186
0.241742,-0.0505471,0.00220324
-0.184473,0.208264,0.0256
0.390193,0.747617,-0.170421
-0.0340039,0.580557,0.144376
0.01122,0.646368,0.00263378
0.199296,0.524806,0.150538
-0.0558526,0.498147,0.0662115
-0.330589,0.109465,0.168075
-0.0280923,0.663321,0.0381609
-0.100748,0.559979,0.0671901
0.0580738,0.57846,0.00966497
-0.189448,-0.152171,0.084926
0.152357,0.547196,-0.0973635
-0.100626,0.351206,0.1781
0.192573,0.449544,-0.101532
-0.0549867,0.3325,-0.022457
-0.144401,0.264704,0.134048
0.0839732,0.686442,0.112769
0.218342,0.433583,-0.16291
-0.031943,0.351256,0.228358
-0.134587,0.60876,-0.0531932
0.13033,0.25911,0.14438
-0.0913231,0.55632,0.0416344
-0.200569,0.470578,-0.114875
0.172454,0.441892,0.162451
-0.205683,0.261316,0.0224057
0.285194,0.530138,0.151144
-0.0932518,0.568422,0.103528
0.34135,0.720142,-0.108776
0.151177,0.366434,0.151421
0.0849649,0.434073,-0.0441695
0.256217,0.458911,-0.153866
0.0450265,0.697125,0.141539
-0.232539,0.279559,0.0507701
-0.0400614,0.640008,0.144353
-0.285929,0.078309,0.156473
0.00981794,0.570043,0.193319
0.173226,-0.0870712,-0.0343277
-0.0951721,0.557477,-0.0341468
0.0780065,0.485464,0.00530058
0.126163,0.207717,0.064639
-0.0325111,0.444396,-0.0147508
0.201377,0.651274,-0.0933003
0.409892,0.853198,-0.136835
-0.065235,0.448796,-0.0367289
-0.0375341,0.251031,0.010176
-0.0164897,0.560239,0.010204
-0.274359,0.770543,-0.0925575
0.15916,0.501004,-0.0479417
0.273831,0.669515,-0.0713483
-0.206951,0.185792,0.0940302
0.289576,0.835151,0.243989
0.0263029,0.440524,0.185913
-0.117763,0.410584,-0.0164746
-0.120156,0.2215,-0.0146432
0.329506,0.79061,-0.118471
0.116193,0.481547,0.0170484
0.0684369,0.67754,0.14576
0.0649001,0.689512,0.045262
0.290042,0.50619,0.192488
0.173507,0.504382,0.115898
-0.235149,0.45787,-0.111187
0.338459,0.70018,0.222743
0.134004,0.492735,-0.100815
0.055721,0.309769,0.239431
0.0444021,-0.533261,0.0546812
-0.14511,0.522253,-0.0181251
-0.210583,0.234787,0.0888157
0.17606,0.323535,-0.00253904
-0.0815517,0.461319,0.0735347
0.21568,0.697151,-0.00106117
-0.0123243,0.710929,0.122157
-0.315758,0.624651,-0.105718
-0.195588,0.160397,0.105454
0.143721,0.55444,0.00830991
-0.0746636,0.610999,0.0647076
-0.272165,0.677992,-0.063342
-0.00423284,0.69083,0.0404452
0.237331,0.512766,-0.111548
0.331252,0.785175,0.280823
0.285574,0.630623,-0.163976
0.0878037,0.50567,0.0343482
-0.106924,0.620225,0.0244782
0.295195,0.802124,0.305656
0.0522403,0.599961,0.195156
0.307089,0.74691,0.257536
-0.159074,0.398361,-0.0867203
-0.0578205,0.473697,0.148242
0.0855484,0.627645,0.123095
0.201333,0.569606,-0.135101
0.234268,-0.00162376,-0.00107221
-0.115389,0.464603,0.126549
-0.341448,0.776941,-0.133294
-0.115617,0.339384,0.0299426
0.17377,-0.212311,-0.0760678
-0.0271885,0.542417,0.129595
0.290708,0.740847,0.295617
0.0629028,0.635042,0.166144
0.0245161,0.652788,0.167442
-0.100321,0.409932,0.177193
0.19193,-0.0317567,0.033425
0.164939,0.58345,0.0210316
0.0615113,0.478831,0.14703
0.259023,0.407713,0.113162
-0.168868,0.581609,-0.0927606
0.307884,0.971816,0.272499
0.278194,0.52507,-0.131296
0.154337,0.329017,0.106955
0.0729509,0.665775,0.0342607
0.261606,0.684218,-0.133023
0.0079334,0.60826,0.191569
-0.154719,0.646348,-0.053939
0.192559,0.581614,-0.032087
0.206074,0.463831,-0.157288
0.093405,0.623648,0.0487721
0.0994959,0.581799,0.0274883
0.254133,0.391832,0.080555
-0.0422507,0.69765,0.101499
-0.22585,0.73245,-0.0687903
0.0336503,0.712382,0.0695365
-0.0690376,0.524317,-0.0140162
-0.125258,0.638919,-0.0175006
0.140874,0.315405,-0.07166
0.126746,0.4068,-0.0266011
-0.291516,0.644933,-0.127354
0.355903,0.760669,-0.0906726
0.00120856,0.620008,-7.9695e-05
-0.161441,0.687703,0.0260298
0.123741,0.313954,0.165596
0.105238,0.354235,-0.0978871
0.121324,0.412994,-0.107249
0.218994,0.348216,-0.135738
0.282934,0.716837,0.264331
-0.135427,0.174102,-0.0117104
0.31461,0.53526,0.189486
-0.353701,0.824612,-0.0579872
-0.0348143,0.45408,0.178308
-0.216095,0.56901,-0.110619
-0.355758,0.691232,-0.125651
0.155178,0.582833,-0.0822326
0.0500563,0.72167,0.100867
0.308841,0.829549,0.278508
-0.167452,0.340864,-0.0655188
-0.101375,0.436485,0.0544857
-0.357551,0.872483,-0.0529475
0.0251867,0.592408,0.0118262
0.260817,0.544723,-0.160928
0.283638,0.767371,-0.0882712
0.224012,0.463892,0.0664891
-0.228578,0.539703,-0.112169
0.226054,0.501315,-0.164371
-0.16898,0.345075,0.103596
0.218684,0.340938,0.0894437
0.24856,0.615852,-0.148993
0.259756,0.507308,-0.164052
0.0935665,0.327529,-0.00176671
-0.199446,0.470563,-0.0707652
-0.26834,0.580891,-0.0697392
0.00685751,0.693439,0.148546
0.280212,0.852962,0.294358
0.229675,0.651776,-0.123688
-0.239541,0.769801,-0.0575911
0.293015,0.780264,-0.035995
0.148734,0.294184,0.0476983
0.011396,0.543587,-0.00830941
-0.413346,0.823259,-0.11465
0.223361,0.686813,-0.0909365
0.261295,0.753557,-0.033773
-0.0461859,0.0903124,0.22912
0.00379824,0.506249,-0.0052778
0.354377,0.800635,-0.0494157
-0.163092,0.5084,-0.040553
-0.258137,0.563108,-0.106695
-0.232501,0.669955,-0.0290413
-0.254507,0.753858,-0.00154911
-0.333136,0.738464,-0.133131
0.286721,0.924283,0.317736
0.0259949,0.290111,0.252024
-0.179974,0.628232,0.0106697
0.377346,0.723507,-0.138085
0.156721,0.618946,0.00336823
-0.350333,0.725784,-0.101076
-0.174763,0.418906,-0.0492304
0.299773,0.970079,0.299943
0.120008,0.52511,-0.00657367
-0.268129,0.503596,-0.100717
0.430741,0.896798,-0.0859699
-0.165745,0.466248,-0.103402
-0.325552,0.847294,-0.0372647
0.399764,0.876525,-0.0905426
0.123767,0.532078,-0.0629654
0.373633,0.798615,-0.148665
0.321536,0.809702,-0.0852919
-0.307674,0.796019,-0.106558
0.275467,0.641451,-0.0926669
0.326255,0.771439,-0.0410751
-0.198023,0.557177,-0.0505857
-0.206608,0.710559,0.0209261
0.294791,0.773345,0.247774
-0.213381,0.750683,-0.038496
0.172976,0.369534,-0.136554
0.0333414,0.204363,0.25531
-0.306664,0.695538,-0.0842914
-0.0222491,0.485279,0.154355
-0.325657,0.855924,-0.0662229
-0.303811,0.702788,-0.125588
-0.350279,0.870636,-0.0907179
0.103622,0.504818,0.103381
0.199587,0.413836,-0.109467
-0.146942,0.496869,-0.0957785
0.165012,0.638632,-0.0399565
0.318617,0.731644,-0.0740528
-0.205913,0.695714,-0.076349
-0.207666,0.382756,-0.0609048
0.335307,0.699574,-0.167576
0.30955,0.730161,-0.145326
0.121087,0.547342,-0.0386046
-0.220849,0.645497,-0.0280369
0.465791,0.832143,-0.127102
0.165416,0.53966,-0.0280156
-0.385204,0.882691,-0.120725
0.224674,0.541696,-0.0976099
-0.0970411,0.509593,-0.0567469
0.316847,0.807612,-0.0552719
0.3419,0.645413,0.25026
0.541082,0.950553,-0.133114
0.300879,0.868673,0.254242
0.254738,0.712556,-0.1066
-0.351033,0.830931,-0.121997
0.572253,0.947021,-0.108839
-0.179802,0.709139,-0.0342939
0.176517,0.665162,-0.0158182
-0.198728,0.600262,-0.0372733
-0.382686,0.828472,-0.142823
-0.0547417,0.632782,0.0896064
0.418123,0.771568,-0.139433
-0.124677,0.573996,0.0372832
-0.127802,0.562474,-0.0684422
-0.499228,0.880954,-0.162049
0.434433,0.829733,-0.158126
0.345264,0.769496,-0.148523
0.138117,0.587684,-0.0112042
-0.324612,0.662295,-0.120911
-0.267961,0.62459,-0.123478
-0.375194,0.765842,-0.143136
0.0504942,0.41528,-0.000151135
-0.140227,0.635516,0.0454966
-0.29559,0.565665,-0.0841891
0.305114,0.62591,0.259213
-0.232594,0.526191,-0.0767983
-0.274504,0.736872,-0.107242
0.37971,0.842967,-0.119593
0.480604,0.91884,-0.084311
0.113922,0.466277,-0.0830814
0.326322,0.891454,0.289936
-0.354143,0.778525,-0.0897619
-0.387952,0.732816,-0.123011
-0.55419,0.979856,-0.180079
0.200889,0.621685,-0.112447
0.320786,0.919816,0.299224
0.0802893,0.267186,0.0205797
-0.0767977,0.249211,0.0453858
0.180112,0.478002,-0.0777215
0.31855,0.61284,0.183451
0.191595,0.309413,-0.107963
0.0433546,0.543217,0.0100448
-0.39294,0.882839,-0.0709672
-0.26541,0.660441,-0.120959
0.401218,0.698662,-0.160098
0.1341,0.143574,0.177248
-0.322416,0.791307,-0.0446954
0.28345,0.738122,-0.117488
0.286546,0.923964,0.242731
0.39591,0.826662,-0.0715476
-0.429766,0.929771,-0.113861
0.243187,0.489335,0.0849142
0.540529,0.900746,-0.14666
-0.296926,0.757265,-0.0451404
-0.219128,0.650061,-0.104238
-0.258691,0.799489,-0.0297241
0.390709,0.857631,-0.0591375
-0.426143,0.860764,-0.104549
0.248465,0.734361,-0.0787391
0.199029,0.604782,-0.00984312
-0.30906,0.754796,-0.122372
-0.290288,0.604134,-0.0766313
-0.497238,0.95143,-0.168691
-0.168111,0.650437,0.039941
0.276014,0.891494,0.245435
0.389154,0.79059,-0.100806
0.257569,0.903491,0.310639
0.242361,0.629175,-0.0708941
-0.162236,0.543597,-0.0975278
0.297618,0.668956,-0.161401
-0.270208,0.71823,-0.0405169
0.271721,0.485281,0.170016
-0.291818,0.793965,-0.0183182
0.172135,0.621701,-0.0801214
0.349167,0.679164,-0.137813
-0.461169,0.945416,-0.1146
-0.421738,0.800016,-0.150253
-0.427309,0.843191,-0.156754
0.499986,0.858441,-0.147996
0.353994,0.840411,-0.0749193
0.441079,0.795939,-0.138601
-0.444766,0.913338,-0.150385
-0.471001,0.875475,-0.136177
-0.49226,0.963835,-0.141235
-0.506283,0.927174,-0.135978
-0.211144,-0.384788,-0.131055
-0.250605,0.643554,-0.0614845
0.297816,0.572603,0.169896
-0.461367,0.913922,-0.107237
-0.424923,0.89452,-0.0895407
-0.269257,0.801387,-0.0645825
-0.0109251,0.591228,0.0192427
-0.107765,0.488298,0.00923156
0.117395,0.541538,0.0335912
0.11538,0.47962,0.0595575
0.242641,0.653232,-0.0394401
0.216236,0.600558,-0.0439401
0.298909,0.895849,0.315436
0.269764,0.979719,0.269322
-0.463412,0.839718,-0.147471
0.105021,0.140525,0.211606
-0.415012,0.88042,-0.142352
-0.5303,0.914346,-0.183918
0.255592,0.934234,0.289054
-0.53034,0.966809,-0.145783
0.50813,0.876287,-0.123629
-0.526922,0.943966,-0.188444
0.509281,0.93239,-0.135415
-0.191213,0.405264,-0.0864017
0.429685,0.777191,-0.168471
-0.191476,0.733997,-0.0126055
0.558713,0.917156,-0.120852
-0.382823,0.788812,-0.109855
-0.497171,0.918666,-0.176309
-0.291447,0.829576,-0.0502126
0.255457,0.686259,-0.02518
-0.228256,0.577005,-0.0589555
0.225036,0.35782,0.0101935
0.0236034,0.42109,0.00995269
0.432878,0.854975,-0.0811038
0.456576,0.865949,-0.151095
0.459684,0.912085,-0.121936
0.142195,0.154548,0.108481
0.185675,0.493632,-0.146446
0.532686,0.941722,-0.0950727
0.280284,0.706012,-0.0424934
0.471201,0.88327,-0.0892779
0.521533,0.915505,-0.100926
-0.381494,0.850994,-0.0709339
-0.135612,0.547058,0.0075146
0.324313,0.925165,0.270242
-0.274322,0.472581,-0.0837219
-0.372979,0.815052,-0.0865116
-0.559925,0.944167,-0.171596
0.341384,0.742333,0.258478
-0.13269,0.664003,0.022105
0.0896051,0.576637,-0.00165515
-0.227834,0.688104,0.00434675
0.196197,0.375259,0.144804
0.418389,0.813698,-0.106694
-0.152469,0.434397,-0.0931848
0.489108,0.897789,-0.14745
0.0732739,0.296214,-0.0588549
0.309343,0.727009,0.230665
0.134981,0.437113,-0.115041
-0.346917,0.68777,-0.102165
0.320369,0.634587,-0.144494
0.229837,0.724307,-0.0300431
0.315182,0.752317,-0.138115
0.376485,0.751912,-0.12183
0.177519,0.542805,-0.126203
0.0224508,0.730783,0.128719
-0.1103,0.176155,0.152373
-0.315673,0.830332,-0.0937215
-0.208997,0.10105,0.0687449
0.362775,0.719593,-0.16605
-0.181882,-0.0185113,-0.0189898
0.0224087,0.0960568,0.244116
0.24181,0.668246,0.0033926
0.261022,0.881898,0.278002
0.309884,0.542382,-0.137336
0.186988,0.663688,-0.0617833
0.142059,0.581796,-0.0568533
0.276633,0.964182,0.307436
-0.0913069,0.380589,0.00225438
0.277552,0.57087,0.216492
0.27709,0.77033,0.278822
-0.143094,0.368865,-0.0369577
0.235947,0.475821,-0.128562
0.351477,0.818096,-0.115133
-0.0963104,0.584066,0.0304788
-0.182816,0.123306,0.0717772
-0.167539,0.465826,-0.0536928
-0.101508,0.232469,0.19814
-0.082191,0.561889,0.00107322
-0.462264,0.87683,-0.168182
-0.0428585,0.664905,0.114846
-0.300668,0.727977,-0.0640724
-0.268143,0.703715,-0.115541
-0.0127372,0.650114,0.163757
0.156737,0.392167,-0.0803549
0.429782,0.889208,-0.121824
0.403875,0.777839,-0.168475
-0.226488,0.496542,-0.117324
